Service,Category,Endpoint,Method,Authorization,Request Body (Example),Response Body (Example)
Identity Service,Authentication,/api/auth/login,POST,None,"{""email"": ""admin@company.com"", ""password"": ""SecurePass@123"", ""tenantId"": ""3fa85f64-5717-4562-b3fc-2c963f66afa6""}","{""accessToken"": ""jwt_token..."", ""refreshToken"": ""refresh_token..."", ""expiresAt"": ""2026-01-13T14:30:00Z"", ""user"": {""id"": ""guid"", ""email"": ""admin@company.com"", ""firstName"": ""Admin"", ""lastName"": ""User"", ""roles"": [""SuperAdmin""]}}"
Identity Service,Authentication,/api/auth/register,POST,Bearer (SuperAdmin/TenantAdmin),"{""email"": ""newuser@company.com"", ""password"": ""SecurePass@123"", ""firstName"": ""John"", ""lastName"": ""Doe"", ""phoneNumber"": ""+91-9876543210"", ""tenantId"": ""3fa85f64-5717-4562-b3fc-2c963f66afa6"", ""roleIds"": [""3fa85f64-5717-4562-b3fc-2c963f66afa6""]}","{""id"": ""guid"", ""email"": ""newuser@company.com"", ""firstName"": ""John"", ""lastName"": ""Doe"", ""phoneNumber"": ""+91-9876543210"", ""isActive"": true, ""roles"": [""HR""], ""createdAt"": ""2026-01-13T10:30:00Z""}"
Identity Service,Authentication,/api/auth/refresh-token,POST,None,"{""accessToken"": ""expired_jwt_token..."", ""refreshToken"": ""refresh_token_string...""}","{""accessToken"": ""new_jwt_token..."", ""refreshToken"": ""new_refresh_token..."", ""expiresAt"": ""2026-01-13T14:30:00Z""}"
Identity Service,Authentication,/api/auth/logout,POST,Bearer,{},"{""message"": ""Logged out successfully"", ""timestamp"": ""2026-01-13T13:15:00Z""}"
Identity Service,Tenant,/api/tenant,POST,None,"{""name"": ""ACME Corporation"", ""companyName"": ""ACME Corp Pvt Ltd"", ""domain"": ""acme.hrms.local"", ""contactEmail"": ""contact@acme.com"", ""countryId"": ""00000000-0000-0000-0000-000000000200"", ""subscriptionPlanId"": ""00000000-0000-0000-0000-000000000010"", ""adminEmail"": ""admin@acme.com"", ""adminFirstName"": ""Admin"", ""adminLastName"": ""User"", ""adminPassword"": ""Admin@123""}","{""tenantId"": ""guid"", ""tenantName"": ""ACME Corp Pvt Ltd"", ""adminEmail"": ""admin@acme.com"", ""adminUserId"": ""guid"", ""message"": ""Tenant created successfully""}"
Identity Service,Tenant,/api/tenant/countries,GET,None,?onlyActive=true,"[{""id"": ""guid"", ""code"": ""IN"", ""name"": ""India"", ""phoneCode"": ""+91"", ""currencyCode"": ""INR"", ""requiredStatutoryFields"": {""pan"": true, ""aadhaar"": true}, ""requiredBankFields"": {""bankName"": true, ""ifscCode"": true}}]"
Employee Service,Employee,/api/employee,GET,Bearer,None,"[{""id"": ""guid"", ""tenantId"": ""guid"", ""employeeCode"": ""EMP001"", ""firstName"": ""John"", ""lastName"": ""Doe"", ""email"": ""john@company.com"", ""dateOfBirth"": ""1990-01-15"", ""gender"": 1, ""dateOfJoining"": ""2024-01-01"", ""employmentType"": 1}]"
Employee Service,Employee,/api/employee/{id},GET,Bearer,None,"{""id"": ""guid"", ""employeeCode"": ""EMP001"", ""firstName"": ""John"", ""lastName"": ""Doe"", ""email"": ""john@company.com"", ""dateOfBirth"": ""1990-01-15""}"
Employee Service,Employee,/api/employee,POST,Bearer,"{""employeeCode"": ""EMP001"", ""firstName"": ""John"", ""lastName"": ""Doe"", ""email"": ""john@company.com"", ""dateOfBirth"": ""1990-01-15"", ""gender"": 1, ""dateOfJoining"": ""2024-01-01"", ""employmentType"": 1, ""departmentId"": ""guid"", ""designationId"": ""guid"", ""locationId"": ""guid""}","{""id"": ""guid"", ""employeeCode"": ""EMP001"", ""firstName"": ""John"", ""lastName"": ""Doe"", ""email"": ""john@company.com"", ""createdAt"": ""2026-01-13T10:30:00Z""}"
Employee Service,Employee,/api/employee/{id},PUT,Bearer,"{""id"": ""guid"", ""firstName"": ""Jane"", ""lastName"": ""Smith"", ""email"": ""jane.smith@company.com""}","{""id"": ""guid"", ""employeeCode"": ""EMP001"", ""firstName"": ""Jane"", ""lastName"": ""Smith"", ""updatedAt"": ""2026-01-13T11:30:00Z""}"
Employee Service,Employee,/api/employee/{id},DELETE,Bearer,None,"{""message"": ""Employee deleted successfully""}"
MasterData Service,Company,/api/company,GET,Bearer,"{""code"": ""ACME"", ""name"": ""ACME Corporation"", ""legalName"": ""ACME Corporation Pvt Ltd"", ""registrationNumber"": ""CIN123456789"", ""taxId"": ""GST29AAACR5055K1Z5"", ""address"": ""123 Business Park, MG Road"", ""city"": ""Bangalore"", ""state"": ""Karnataka"", ""country"": ""India"", ""postalCode"": ""560001"", ""phone"": ""+91-80-12345678"", ""email"": ""info@acme.com"", ""website"": ""https://www.acme.com"", ""logo"": ""https://www.acme.com/logo.png""}","{""id"": ""guid"", ""code"": ""ACME"", ""name"": ""ACME Corporation"", ""legalName"": ""ACME Corporation Pvt Ltd"", ""registrationNumber"": ""CIN123456789"", ""taxId"": ""GST29AAACR5055K1Z5"", ""address"": ""123 Business Park, MG Road"", ""city"": ""Bangalore"", ""state"": ""Karnataka"", ""country"": ""India"", ""postalCode"": ""560001"", ""phone"": ""+91-80-12345678"", ""email"": ""info@acme.com"", ""website"": ""https://www.acme.com"", ""logo"": ""https://www.acme.com/logo.png"", ""isActive"": true, ""createdAt"": ""2026-01-13T10:30:00Z""}"
MasterData Service,Company,/api/company/{id},GET,Bearer,"{""id"": ""guid"", ""code"": ""ACME"", ""name"": ""ACME Corporation Updated"", ""legalName"": ""ACME Corp Pvt Ltd"", ""registrationNumber"": ""CIN123456789"", ""taxId"": ""GST29AAACR5055K1Z5"", ""address"": ""456 New Address"", ""city"": ""Mumbai"", ""state"": ""Maharashtra"", ""country"": ""India"", ""postalCode"": ""400001"", ""phone"": ""+91-22-87654321"", ""email"": ""contact@acme.com"", ""website"": ""https://www.acme.in"", ""logo"": ""https://www.acme.in/new-logo.png"", ""isActive"": true}","{""id"": ""guid"", ""code"": ""ACME"", ""name"": ""ACME Corporation Updated"", ""legalName"": ""ACME Corp Pvt Ltd"", ""registrationNumber"": ""CIN123456789"", ""taxId"": ""GST29AAACR5055K1Z5"", ""address"": ""456 New Address"", ""city"": ""Mumbai"", ""state"": ""Maharashtra"", ""country"": ""India"", ""postalCode"": ""400001"", ""phone"": ""+91-22-87654321"", ""email"": ""contact@acme.com"", ""website"": ""https://www.acme.in"", ""logo"": ""https://www.acme.in/new-logo.png"", ""isActive"": true, ""updatedAt"": ""2026-01-13T11:30:00Z""}"
MasterData Service,Company,/api/company,POST,Bearer,"{""code"": ""ACME"", ""name"": ""ACME Corporation"", ""description"": ""ACME Corp Pvt Ltd"", ""isActive"": true}","{""id"": ""guid"", ""code"": ""ACME"", ""name"": ""ACME Corporation"", ""createdAt"": ""2026-01-13T10:30:00Z""}"
MasterData Service,Company,/api/company/{id},PUT,Bearer,"{""id"": ""guid"", ""name"": ""ACME Corp Updated"", ""isActive"": true}","{""id"": ""guid"", ""code"": ""ACME"", ""name"": ""ACME Corp Updated"", ""updatedAt"": ""2026-01-13T11:30:00Z""}"
MasterData Service,Company,/api/company/{id},DELETE,Bearer,None,"{""message"": ""Company deleted successfully""}"
MasterData Service,Location,/api/location,GET,Bearer,?isActive=true,"[{""id"": ""guid"", ""code"": ""BLR"", ""name"": ""Bangalore"", ""city"": ""Bangalore"", ""state"": ""Karnataka"", ""country"": ""India"", ""isActive"": true}]"
MasterData Service,Location,/api/location,POST,Bearer,"{""code"": ""BLR"", ""name"": ""Bangalore"", ""city"": ""Bangalore"", ""state"": ""Karnataka"", ""country"": ""India"", ""isActive"": true}","{""id"": ""guid"", ""code"": ""BLR"", ""name"": ""Bangalore"", ""createdAt"": ""2026-01-13T10:30:00Z""}"
MasterData Service,Location,/api/location/{id},PUT,Bearer,"{""id"": ""guid"", ""name"": ""Bengaluru""}","{""id"": ""guid"", ""code"": ""BLR"", ""name"": ""Bengaluru"", ""updatedAt"": ""2026-01-13T11:30:00Z""}"
MasterData Service,Location,/api/location/{id},DELETE,Bearer,None,"{""message"": ""Location deleted successfully""}"
MasterData Service,Department,/api/department,GET,Bearer,?isActive=true&companyId=guid,"[{""id"": ""guid"", ""code"": ""IT"", ""name"": ""Information Technology"", ""description"": ""IT Department"", ""companyId"": ""guid"", ""isActive"": true}]"
MasterData Service,Department,/api/department,POST,Bearer,"{""code"": ""IT"", ""name"": ""Information Technology"", ""description"": ""IT Department"", ""companyId"": ""guid"", ""isActive"": true}","{""id"": ""guid"", ""code"": ""IT"", ""name"": ""Information Technology"", ""createdAt"": ""2026-01-13T10:30:00Z""}"
MasterData Service,Department,/api/department/{id},PUT,Bearer,"{""id"": ""guid"", ""name"": ""Information Tech""}","{""id"": ""guid"", ""code"": ""IT"", ""name"": ""Information Tech"", ""updatedAt"": ""2026-01-13T11:30:00Z""}"
MasterData Service,Department,/api/department/{id},DELETE,Bearer,None,"{""message"": ""Department deleted successfully""}"
MasterData Service,Division,/api/division,GET,Bearer,?isActive=true&companyId=guid,"[{""id"": ""guid"", ""code"": ""INP"", ""name"": ""India Products"", ""description"": ""Products Division India"", ""companyId"": ""guid"", ""isActive"": true}]"
MasterData Service,Division,/api/division,POST,Bearer,"{""code"": ""INP"", ""name"": ""India Products"", ""description"": ""Products Division India"", ""companyId"": ""guid"", ""isActive"": true}","{""id"": ""guid"", ""code"": ""INP"", ""name"": ""India Products"", ""createdAt"": ""2026-01-13T10:30:00Z""}"
MasterData Service,Division,/api/division/{id},PUT,Bearer,"{""id"": ""guid"", ""name"": ""India Products Division""}","{""id"": ""guid"", ""code"": ""INP"", ""name"": ""India Products Division"", ""updatedAt"": ""2026-01-13T11:30:00Z""}"
MasterData Service,Division,/api/division/{id},DELETE,Bearer,None,"{""message"": ""Division deleted successfully""}"
MasterData Service,Designation,/api/designation,GET,Bearer,?isActive=true&level=3,"[{""id"": ""guid"", ""code"": ""SD"", ""name"": ""Senior Developer"", ""description"": ""Senior Level Developer"", ""level"": 3, ""isActive"": true}]"
MasterData Service,Designation,/api/designation,POST,Bearer,"{""code"": ""SD"", ""name"": ""Senior Developer"", ""description"": ""Senior Level Developer"", ""level"": 3, ""isActive"": true}","{""id"": ""guid"", ""code"": ""SD"", ""name"": ""Senior Developer"", ""createdAt"": ""2026-01-13T10:30:00Z""}"
MasterData Service,Designation,/api/designation/{id},PUT,Bearer,"{""id"": ""guid"", ""name"": ""Lead Developer""}","{""id"": ""guid"", ""code"": ""SD"", ""name"": ""Lead Developer"", ""updatedAt"": ""2026-01-13T11:30:00Z""}"
MasterData Service,Designation,/api/designation/{id},DELETE,Bearer,None,"{""message"": ""Designation deleted successfully""}"
MasterData Service,Shift,/api/shift,GET,Bearer,?isActive=true,"[{""id"": ""guid"", ""code"": ""DAY"", ""name"": ""Day Shift"", ""startTime"": ""09:00:00"", ""endTime"": ""17:00:00"", ""isActive"": true}]"
MasterData Service,Shift,/api/shift,POST,Bearer,"{""code"": ""DAY"", ""name"": ""Day Shift"", ""startTime"": ""09:00:00"", ""endTime"": ""17:00:00"", ""isActive"": true}","{""id"": ""guid"", ""code"": ""DAY"", ""name"": ""Day Shift"", ""createdAt"": ""2026-01-13T10:30:00Z""}"
MasterData Service,Shift,/api/shift/{id},PUT,Bearer,"{""id"": ""guid"", ""startTime"": ""08:30:00""}","{""id"": ""guid"", ""code"": ""DAY"", ""name"": ""Day Shift"", ""startTime"": ""08:30:00"", ""updatedAt"": ""2026-01-13T11:30:00Z""}"
MasterData Service,Shift,/api/shift/{id},DELETE,Bearer,None,"{""message"": ""Shift deleted successfully""}"
MasterData Service,Week Off,/api/weekoff,GET,Bearer,?day=Saturday,"[{""id"": ""guid"", ""day"": ""Saturday"", ""effectiveFrom"": ""2024-01-01"", ""isActive"": true}]"
MasterData Service,Week Off,/api/weekoff,POST,Bearer,"{""day"": ""Saturday"", ""effectiveFrom"": ""2024-01-01"", ""isActive"": true}","{""id"": ""guid"", ""day"": ""Saturday"", ""effectiveFrom"": ""2024-01-01"", ""createdAt"": ""2026-01-13T10:30:00Z""}"
MasterData Service,Week Off,/api/weekoff/{id},PUT,Bearer,"{""id"": ""guid"", ""day"": ""Sunday""}","{""id"": ""guid"", ""day"": ""Sunday"", ""effectiveFrom"": ""2024-01-01"", ""updatedAt"": ""2026-01-13T11:30:00Z""}"
MasterData Service,Week Off,/api/weekoff/{id},DELETE,Bearer,None,"{""message"": ""Week Off deleted successfully""}"
,,,,,,
Employee Service,Passport,/api/passport/{employeeId},GET,Bearer,?onlyValid=true,"[{""id"": ""guid"", ""employeeId"": ""guid"", ""passportNumber"": ""F123456789"", ""countryOfIssue"": ""USA"", ""issueDate"": ""2020-01-15"", ""expiryDate"": ""2030-01-15"", ""placeOfIssue"": ""New York""}]"
Employee Service,Passport,/api/passport,POST,Bearer,"{""employeeId"": ""guid"", ""passportNumber"": ""F123456789"", ""countryOfIssue"": ""USA"", ""issueDate"": ""2020-01-15"", ""expiryDate"": ""2030-01-15"", ""placeOfIssue"": ""New York""}","{""id"": ""guid"", ""employeeId"": ""guid"", ""passportNumber"": ""F123456789"", ""createdAt"": ""2026-01-13T10:30:00Z""}"
Employee Service,Passport,/api/passport/{id},PUT,Bearer,"{""id"": ""guid"", ""passportNumber"": ""F987654321"", ""expiryDate"": ""2031-01-15""}","{""id"": ""guid"", ""passportNumber"": ""F987654321"", ""updatedAt"": ""2026-01-13T11:30:00Z""}"
Employee Service,Passport,/api/passport/{id},DELETE,Bearer,None,"{""message"": ""Passport deleted successfully""}"
Employee Service,Visa,/api/visa/{employeeId},GET,Bearer,?onlyValid=true&country=USA,"[{""id"": ""guid"", ""employeeId"": ""guid"", ""visaNumber"": ""V123456"", ""visaType"": ""Work"", ""countryName"": ""USA"", ""issueDate"": ""2020-06-15"", ""expiryDate"": ""2025-06-15""}]"
Employee Service,Visa,/api/visa,POST,Bearer,"{""employeeId"": ""guid"", ""visaNumber"": ""V123456"", ""visaType"": ""Work"", ""countryName"": ""USA"", ""issueDate"": ""2020-06-15"", ""expiryDate"": ""2025-06-15""}","{""id"": ""guid"", ""employeeId"": ""guid"", ""visaNumber"": ""V123456"", ""createdAt"": ""2026-01-13T10:30:00Z""}"
Employee Service,Visa,/api/visa/{id},PUT,Bearer,"{""id"": ""guid"", ""visaType"": ""Permanent"", ""expiryDate"": ""2026-06-15""}","{""id"": ""guid"", ""visaNumber"": ""V123456"", ""updatedAt"": ""2026-01-13T11:30:00Z""}"
Employee Service,Visa,/api/visa/{id},DELETE,Bearer,None,"{""message"": ""Visa deleted successfully""}"
Employee Service,Education,/api/education/{employeeId},GET,Bearer,None,"[{""id"": ""guid"", ""employeeId"": ""guid"", ""schoolName"": ""XYZ University"", ""degree"": ""Bachelor"", ""fieldOfStudy"": ""Computer Science"", ""startDate"": ""2015-06-01"", ""endDate"": ""2019-05-31"", ""score"": 3.8}]"
Employee Service,Education,/api/education,POST,Bearer,"{""employeeId"": ""guid"", ""schoolName"": ""XYZ University"", ""degree"": ""Bachelor"", ""fieldOfStudy"": ""Computer Science"", ""startDate"": ""2015-06-01"", ""endDate"": ""2019-05-31"", ""score"": 3.8}","{""id"": ""guid"", ""employeeId"": ""guid"", ""schoolName"": ""XYZ University"", ""createdAt"": ""2026-01-13T10:30:00Z""}"
Employee Service,Education,/api/education/{id},PUT,Bearer,"{""id"": ""guid"", ""score"": 3.9}","{""id"": ""guid"", ""schoolName"": ""XYZ University"", ""score"": 3.9, ""updatedAt"": ""2026-01-13T11:30:00Z""}"
Employee Service,Education,/api/education/{id},DELETE,Bearer,None,"{""message"": ""Education record deleted successfully""}"
Employee Service,Certification,/api/certification/{employeeId},GET,Bearer,?onlyValid=true,"[{""id"": ""guid"", ""employeeId"": ""guid"", ""certificationName"": ""AWS Certified Solutions Architect"", ""issuingOrganization"": ""Amazon"", ""issueDate"": ""2020-01-15"", ""expiryDate"": ""2023-01-15"", ""credentialId"": ""CERT-123456""}]"
Employee Service,Certification,/api/certification,POST,Bearer,"{""employeeId"": ""guid"", ""certificationName"": ""AWS Certified Solutions Architect"", ""issuingOrganization"": ""Amazon"", ""issueDate"": ""2020-01-15"", ""expiryDate"": ""2023-01-15"", ""credentialId"": ""CERT-123456""}","{""id"": ""guid"", ""employeeId"": ""guid"", ""certificationName"": ""AWS Certified Solutions Architect"", ""createdAt"": ""2026-01-13T10:30:00Z""}"
Employee Service,Certification,/api/certification/{id},PUT,Bearer,"{""id"": ""guid"", ""expiryDate"": ""2024-01-15""}","{""id"": ""guid"", ""certificationName"": ""AWS Certified Solutions Architect"", ""updatedAt"": ""2026-01-13T11:30:00Z""}"
Employee Service,Certification,/api/certification/{id},DELETE,Bearer,None,"{""message"": ""Certification deleted successfully""}"
Employee Service,Work Experience,/api/workexperience/{employeeId},GET,Bearer,None,"[{""id"": ""guid"", ""employeeId"": ""guid"", ""companyName"": ""Tech Corp"", ""jobTitle"": ""Senior Developer"", ""startDate"": ""2018-01-15"", ""endDate"": ""2022-12-31""}]"
Employee Service,Work Experience,/api/workexperience,POST,Bearer,"{""employeeId"": ""guid"", ""companyName"": ""Tech Corp"", ""jobTitle"": ""Senior Developer"", ""startDate"": ""2018-01-15"", ""endDate"": ""2022-12-31""}","{""id"": ""guid"", ""employeeId"": ""guid"", ""companyName"": ""Tech Corp"", ""createdAt"": ""2026-01-13T10:30:00Z""}"
Employee Service,Work Experience,/api/workexperience/{id},PUT,Bearer,"{""id"": ""guid"", ""jobTitle"": ""Principal Developer""}","{""id"": ""guid"", ""jobTitle"": ""Principal Developer"", ""updatedAt"": ""2026-01-13T11:30:00Z""}"
Employee Service,Work Experience,/api/workexperience/{id},DELETE,Bearer,None,"{""message"": ""Work experience deleted successfully""}"
Employee Service,ID Proof,/api/idproof/{employeeId},GET,Bearer,?onlyValid=true&proofType=PAN,"[{""id"": ""guid"", ""employeeId"": ""guid"", ""proofType"": ""PAN"", ""proofNumber"": ""AAAXP5055K"", ""issuedDate"": ""2010-01-01""}]"
Employee Service,ID Proof,/api/idproof,POST,Bearer,"{""employeeId"": ""guid"", ""proofType"": ""PAN"", ""proofNumber"": ""AAAXP5055K"", ""issuedDate"": ""2010-01-01""}","{""id"": ""guid"", ""employeeId"": ""guid"", ""proofType"": ""PAN"", ""createdAt"": ""2026-01-13T10:30:00Z""}"
Employee Service,ID Proof,/api/idproof/{id},PUT,Bearer,"{""id"": ""guid"", ""proofNumber"": ""AAAXP5055K-NEW""}","{""id"": ""guid"", ""proofNumber"": ""AAAXP5055K-NEW"", ""updatedAt"": ""2026-01-13T11:30:00Z""}"
Employee Service,ID Proof,/api/idproof/{id},DELETE,Bearer,None,"{""message"": ""ID Proof deleted successfully""}"
Employee Service,Nominee,/api/nominee/{employeeId},GET,Bearer,None,"[{""id"": ""guid"", ""employeeId"": ""guid"", ""nomineeName"": ""Jane Doe"", ""relationship"": ""Spouse"", ""dateOfBirth"": ""1992-05-20"", ""percentage"": 100, ""isPrimary"": true}]"
Employee Service,Nominee,/api/nominee,POST,Bearer,"{""employeeId"": ""guid"", ""nomineeName"": ""Jane Doe"", ""relationship"": ""Spouse"", ""dateOfBirth"": ""1992-05-20"", ""percentage"": 100, ""isPrimary"": true}","{""id"": ""guid"", ""employeeId"": ""guid"", ""nomineeName"": ""Jane Doe"", ""createdAt"": ""2026-01-13T10:30:00Z""}"
Employee Service,Nominee,/api/nominee/{id},PUT,Bearer,"{""id"": ""guid"", ""percentage"": 75}","{""id"": ""guid"", ""nomineeName"": ""Jane Doe"", ""percentage"": 75, ""updatedAt"": ""2026-01-13T11:30:00Z""}"
Employee Service,Nominee,/api/nominee/{id},DELETE,Bearer,None,"{""message"": ""Nominee deleted successfully""}"
Employee Service,Bank Detail,/api/bankdetail/{employeeId},GET,Bearer,None,"[{""id"": ""guid"", ""employeeId"": ""guid"", ""bankName"": ""HDFC Bank"", ""bankAccountNumber"": ""1234567890123456"", ""ifscCode"": ""HDFC0000123"", ""bankBranch"": ""Bangalore"", ""isPrimary"": true}]"
Employee Service,Bank Detail,/api/bankdetail,POST,Bearer,"{""employeeId"": ""guid"", ""bankName"": ""HDFC Bank"", ""bankAccountNumber"": ""1234567890123456"", ""ifscCode"": ""HDFC0000123"", ""bankBranch"": ""Bangalore"", ""isPrimary"": true}","{""id"": ""guid"", ""employeeId"": ""guid"", ""bankName"": ""HDFC Bank"", ""createdAt"": ""2026-01-13T10:30:00Z""}"
Employee Service,Bank Detail,/api/bankdetail/{id},PUT,Bearer,?isActive=true,"[{""id"": ""guid"", ""code"": ""ACME"", ""name"": ""ACME Corporation"", ""legalName"": ""ACME Corp Pvt Ltd"", ""registrationNumber"": ""CIN123456"", ""taxId"": ""GST123456"", ""address"": ""123 Business Park"", ""city"": ""Bangalore"", ""state"": ""Karnataka"", ""country"": ""India"", ""postalCode"": ""560001"", ""phone"": ""+91-80-12345678"", ""email"": ""info@acme.com"", ""website"": ""https://acme.com"", ""logo"": ""https://acme.com/logo.png"", ""isActive"": true}]"
Employee Service,Bank Detail,/api/bankdetail/{id},DELETE,Bearer,None,"{""id"": ""guid"", ""code"": ""ACME"", ""name"": ""ACME Corporation"", ""legalName"": ""ACME Corp Pvt Ltd"", ""registrationNumber"": ""CIN123456"", ""taxId"": ""GST123456"", ""address"": ""123 Business Park"", ""city"": ""Bangalore"", ""state"": ""Karnataka"", ""country"": ""India"", ""postalCode"": ""560001"", ""phone"": ""+91-80-12345678"", ""email"": ""info@acme.com"", ""website"": ""https://acme.com"", ""logo"": ""https://acme.com/logo.png"", ""isActive"": true}"